Book,Chapter,VerseCount
创世记,1,31
创世记,2,25
创世记,3,24
创世记,4,26
创世记,5,32
创世记,6,22
创世记,7,24
创世记,8,22
创世记,9,29
创世记,10,32
创世记,11,32
创世记,12,20
创世记,13,18
创世记,14,24
创世记,15,21
创世记,16,16
创世记,17,27
创世记,18,33
创世记,19,38
创世记,20,18
创世记,21,34
创世记,22,24
创世记,23,20
创世记,24,65
创世记,25,34
创世记,26,35
创世记,27,46
创世记,28,22
创世记,29,35
创世记,30,43
创世记,31,55
创世记,32,32
创世记,33,20
创世记,34,31
创世记,35,29
创世记,36,43
创世记,37,36
创世记,38,30
创世记,39,23
创世记,40,23
创世记,41,57
创世记,42,38
创世记,43,34
创世记,44,34
创世记,45,28
创世记,46,34
创世记,47,31
创世记,48,22
创世记,49,33
创世记,50,26
出埃及记,1,22
出埃及记,2,25
出埃及记,3,22
出埃及记,4,31
出埃及记,5,23
出埃及记,6,30
出埃及记,7,25
出埃及记,8,32
出埃及记,9,35
出埃及记,10,29
出埃及记,11,10
出埃及记,12,51
出埃及记,13,22
出埃及记,14,31
出埃及记,15,27
出埃及记,16,36
出埃及记,17,16
出埃及记,18,27
出埃及记,19,25
出埃及记,20,26
出埃及记,21,36
出埃及记,22,31
出埃及记,23,33
出埃及记,24,18
出埃及记,25,40
出埃及记,26,37
出埃及记,27,21
出埃及记,28,43
出埃及记,29,46
出埃及记,30,38
出埃及记,31,18
出埃及记,32,35
出埃及记,33,23
出埃及记,34,35
出埃及记,35,35
出埃及记,36,38
出埃及记,37,29
出埃及记,38,29
出埃及记,39,43
出埃及记,40,38
利未记,1,17
利未记,2,16
利未记,3,15
利未记,4,35
利未记,5,19
利未记,6,30
利未记,7,38
利未记,8,36
利未记,9,24
利未记,10,20
利未记,11,47
利未记,12,8
利未记,13,59
利未记,14,57
利未记,15,33
利未记,16,34
利未记,17,16
利未记,18,30
利未记,19,37
利未记,20,27
利未记,21,24
利未记,22,33
利未记,23,44
利未记,24,23
利未记,25,55
利未记,26,46
利未记,27,34
民数记,1,28
民数记,2,34
民数记,3,51
民数记,4,43
民数记,5,31
民数记,6,27
民数记,7,89
民数记,8,26
民数记,9,23
民数记,10,36
民数记,11,35
民数记,12,16
民数记,13,33
民数记,14,45
民数记,15,41
民数记,16,50
民数记,17,13
民数记,18,32
民数记,19,22
民数记,20,29
民数记,21,35
民数记,22,41
民数记,23,30
民数记,24,25
民数记,25,18
民数记,26,65
民数记,27,23
民数记,28,31
民数记,29,40
民数记,30,16
民数记,31,54
民数记,32,42
民数记,33,56
民数记,34,29
民数记,35,34
民数记,36,13
申命记,1,46
申命记,2,37
申命记,3,29
申命记,4,47
申命记,5,33
申命记,6,25
申命记,7,26
申命记,8,20
申命记,9,29
申命记,10,22
申命记,11,32
申命记,12,32
申命记,13,14
申命记,14,29
申命记,15,21
申命记,16,22
申命记,17,20
申命记,18,22
申命记,19,21
申命记,20,20
申命记,21,23
申命记,22,30
申命记,23,25
申命记,24,22
申命记,25,19
申命记,26,19
申命记,27,26
申命记,28,64
申命记,29,27
申命记,30,18
申命记,31,30
申命记,32,52
申命记,33,29
申命记,34,12
约书亚记,1,18
约书亚记,2,24
约书亚记,3,15
约书亚记,4,24
约书亚记,5,15
约书亚记,6,27
约书亚记,7,26
约书亚记,8,35
约书亚记,9,27
约书亚记,10,43
约书亚记,11,23
约书亚记,12,24
约书亚记,13,33
约书亚记,14,15
约书亚记,15,63
约书亚记,16,10
约书亚记,17,18
约书亚记,18,28
约书亚记,19,51
约书亚记,20,9
约书亚记,21,43
约书亚记,22,34
约书亚记,23,16
约书亚记,24,33
士师记,1,36
士师记,2,23
士师记,3,31
士师记,4,24
士师记,5,31
士师记,6,40
士师记,7,25
士师记,8,35
士师记,9,57
士师记,10,18
士师记,11,40
士师记,12,15
士师记,13,25
士师记,14,20
士师记,15,20
士师记,16,31
士师记,17,13
士师记,18,31
士师记,19,30
士师记,20,46
士师记,21,25
路得记,1,22
路得记,2,23
路得记,3,18
路得记,4,22
撒母耳记上,1,28
撒母耳记上,2,36
撒母耳记上,3,21
撒母耳记上,4,22
撒母耳记上,5,12
撒母耳记上,6,21
撒母耳记上,7,17
撒母耳记上,8,22
撒母耳记上,9,27
撒母耳记上,10,27
撒母耳记上,11,15
撒母耳记上,12,25
撒母耳记上,13,23
撒母耳记上,14,52
撒母耳记上,15,35
撒母耳记上,16,23
撒母耳记上,17,58
撒母耳记上,18,30
撒母耳记上,19,24
撒母耳记上,20,42
撒母耳记上,21,15
撒母耳记上,22,23
撒母耳记上,23,29
撒母耳记上,24,22
撒母耳记上,25,42
撒母耳记上,26,25
撒母耳记上,27,12
撒母耳记上,28,25
撒母耳记上,29,11
撒母耳记上,30,31
撒母耳记上,31,13
撒母耳记下,1,27
撒母耳记下,2,32
撒母耳记下,3,37
撒母耳记下,4,12
撒母耳记下,5,25
撒母耳记下,6,23
撒母耳记下,7,29
撒母耳记下,8,18
撒母耳记下,9,13
撒母耳记下,10,19
撒母耳记下,11,27
撒母耳记下,12,31
撒母耳记下,13,39
撒母耳记下,14,33
撒母耳记下,15,37
撒母耳记下,16,23
撒母耳记下,17,29
撒母耳记下,18,33
撒母耳记下,19,43
撒母耳记下,20,26
撒母耳记下,21,22
撒母耳记下,22,51
撒母耳记下,23,39
撒母耳记下,24,25
列王纪上,1,53
列王纪上,2,46
列王纪上,3,28
列王纪上,4,34
列王纪上,5,18
列王纪上,6,38
列王纪上,7,51
列王纪上,8,66
列王纪上,9,28
列王纪上,10,29
列王纪上,11,43
列王纪上,12,33
列王纪上,13,34
列王纪上,14,31
列王纪上,15,34
列王纪上,16,34
列王纪上,17,24
列王纪上,18,46
列王纪上,19,21
列王纪上,20,43
列王纪上,21,29
列王纪上,22,53
列王纪下,1,18
列王纪下,2,25
列王纪下,3,27
列王纪下,4,44
列王纪下,5,27
列王纪下,6,33
列王纪下,7,20
列王纪下,8,29
列王纪下,9,37
列王纪下,10,36
列王纪下,11,21
列王纪下,12,21
列王纪下,13,25
列王纪下,14,29
列王纪下,15,38
列王纪下,16,20
列王纪下,17,41
列王纪下,18,37
列王纪下,19,37
列王纪下,20,21
列王纪下,21,26
列王纪下,22,20
列王纪下,23,37
列王纪下,24,20
列王纪下,25,30
历代志上,1,54
历代志上,2,55
历代志上,3,24
历代志上,4,41
历代志上,5,26
历代志上,6,81
历代志上,7,40
历代志上,8,40
历代志上,9,44
历代志上,10,14
历代志上,11,47
历代志上,12,40
历代志上,13,14
历代志上,14,17
历代志上,15,29
历代志上,16,39
历代志上,17,27
历代志上,18,17
历代志上,19,19
历代志上,20,8
历代志上,21,30
历代志上,22,19
历代志上,23,32
历代志上,24,31
历代志上,25,31
历代志上,26,32
历代志上,27,34
历代志上,28,21
历代志上,29,30
历代志下,1,17
历代志下,2,18
历代志下,3,17
历代志下,4,22
历代志下,5,14
历代志下,6,42
历代志下,7,22
历代志下,8,18
历代志下,9,31
历代志下,10,19
历代志下,11,23
历代志下,12,16
历代志下,13,22
历代志下,14,15
历代志下,15,19
历代志下,16,14
历代志下,17,19
历代志下,18,34
历代志下,19,11
历代志下,20,37
历代志下,21,20
历代志下,22,12
历代志下,23,21
历代志下,24,27
历代志下,25,28
历代志下,26,23
历代志下,27,9
历代志下,28,27
历代志下,29,36
历代志下,30,25
历代志下,31,21
历代志下,32,33
历代志下,33,25
历代志下,34,33
历代志下,35,27
历代志下,36,23
以斯拉记,1,11
以斯拉记,2,70
以斯拉记,3,13
以斯拉记,4,24
以斯拉记,5,17
以斯拉记,6,22
以斯拉记,7,28
以斯拉记,8,36
以斯拉记,9,15
以斯拉记,10,44
尼希米记,1,11
尼希米记,2,20
尼希米记,3,32
尼希米记,4,23
尼希米记,5,19
尼希米记,6,19
尼希米记,7,73
尼希米记,8,18
尼希米记,9,38
尼希米记,10,39
尼希米记,11,36
尼希米记,12,45
尼希米记,13,31
以斯帖记,1,20
以斯帖记,2,23
以斯帖记,3,15
以斯帖记,4,17
以斯帖记,5,14
以斯帖记,6,14
以斯帖记,7,10
以斯帖记,8,15
以斯帖记,9,32
以斯帖记,10,3
约伯记,1,22
约伯记,2,13
约伯记,3,26
约伯记,4,21
约伯记,5,27
约伯记,6,30
约伯记,7,21
约伯记,8,22
约伯记,9,35
约伯记,10,20
约伯记,11,20
约伯记,12,25
约伯记,13,28
约伯记,14,22
约伯记,15,35
约伯记,16,22
约伯记,17,16
约伯记,18,21
约伯记,19,29
约伯记,20,29
约伯记,21,34
约伯记,22,30
约伯记,23,17
约伯记,24,25
约伯记,25,6
约伯记,26,14
约伯记,27,23
约伯记,28,28
约伯记,29,25
约伯记,30,31
约伯记,31,40
约伯记,32,22
约伯记,33,33
约伯记,34,37
约伯记,35,16
约伯记,36,33
约伯记,37,24
约伯记,38,37
约伯记,39,30
约伯记,40,24
约伯记,41,34
约伯记,42,17
诗篇,1,6
诗篇,2,12
诗篇,3,8
诗篇,4,8
诗篇,5,12
诗篇,6,10
诗篇,7,17
诗篇,8,6
诗篇,9,20
诗篇,10,18
诗篇,11,7
诗篇,12,8
诗篇,13,6
诗篇,14,7
诗篇,15,5
诗篇,16,11
诗篇,17,15
诗篇,18,50
诗篇,19,14
诗篇,20,9
诗篇,21,13
诗篇,22,31
诗篇,23,6
诗篇,24,10
诗篇,25,22
诗篇,26,12
诗篇,27,14
诗篇,28,9
诗篇,29,11
诗篇,30,12
诗篇,31,24
诗篇,32,11
诗篇,33,22
诗篇,34,22
诗篇,35,28
诗篇,36,12
诗篇,37,40
诗篇,38,22
诗篇,39,13
诗篇,40,17
诗篇,41,13
诗篇,42,11
诗篇,43,5
诗篇,44,26
诗篇,45,17
诗篇,46,11
诗篇,47,9
诗篇,48,14
诗篇,49,18
诗篇,50,23
诗篇,51,19
诗篇,52,9
诗篇,53,6
诗篇,54,7
诗篇,55,23
诗篇,56,13
诗篇,57,11
诗篇,58,11
诗篇,59,17
诗篇,60,12
诗篇,61,8
诗篇,62,12
诗篇,63,9
诗篇,64,10
诗篇,65,13
诗篇,66,20
诗篇,67,7
诗篇,68,35
诗篇,69,36
诗篇,70,5
诗篇,71,24
诗篇,72,20
诗篇,73,28
诗篇,74,23
诗篇,75,10
诗篇,76,10
诗篇,77,20
诗篇,78,72
诗篇,79,13
诗篇,80,19
诗篇,81,16
诗篇,82,8
诗篇,83,18
诗篇,84,12
诗篇,85,13
诗篇,86,17
诗篇,87,7
诗篇,88,18
诗篇,89,52
诗篇,90,17
诗篇,91,16
诗篇,92,13
诗篇,93,5
诗篇,94,23
诗篇,95,11
诗篇,96,13
诗篇,97,12
诗篇,98,9
诗篇,99,9
诗篇,100,5
诗篇,101,8
诗篇,102,28
诗篇,103,22
诗篇,104,35
诗篇,105,43
诗篇,106,48
诗篇,107,43
诗篇,108,13
诗篇,109,31
诗篇,110,7
诗篇,111,10
诗篇,112,10
诗篇,113,9
诗篇,114,8
诗篇,115,18
诗篇,116,17
诗篇,117,2
诗篇,118,29
诗篇,119,176
诗篇,120,7
诗篇,121,8
诗篇,122,9
诗篇,123,4
诗篇,124,8
诗篇,125,5
诗篇,126,6
诗篇,127,5
诗篇,128,6
诗篇,129,8
诗篇,130,8
诗篇,131,3
诗篇,132,18
诗篇,133,3
诗篇,134,3
诗篇,135,19
诗篇,136,26
诗篇,137,9
诗篇,138,8
诗篇,139,24
诗篇,140,13
诗篇,141,10
诗篇,142,7
诗篇,143,12
诗篇,144,15
诗篇,145,21
诗篇,146,10
诗篇,147,20
诗篇,148,14
诗篇,149,9
诗篇,150,6
箴言,1,33
箴言,2,22
箴言,3,35
箴言,4,27
箴言,5,23
箴言,6,35
箴言,7,27
箴言,8,36
箴言,9,18
箴言,10,32
箴言,11,31
箴言,12,28
箴言,13,25
箴言,14,35
箴言,15,33
箴言,16,33
箴言,17,28
箴言,18,24
箴言,19,29
箴言,20,30
箴言,21,31
箴言,22,29
箴言,23,33
箴言,24,34
箴言,25,28
箴言,26,26
箴言,27,27
箴言,28,28
箴言,29,27
箴言,30,33
箴言,31,31
传道书,1,18
传道书,2,26
传道书,3,22
传道书,4,16
传道书,5,20
传道书,6,12
传道书,7,27
传道书,8,17
传道书,9,18
传道书,10,20
传道书,11,10
传道书,12,14
雅歌,1,17
雅歌,2,17
雅歌,3,11
雅歌,4,16
雅歌,5,16
雅歌,6,13
雅歌,7,13
雅歌,8,14
以赛亚书,1,31
以赛亚书,2,22
以赛亚书,3,26
以赛亚书,4,4
以赛亚书,5,30
以赛亚书,6,13
以赛亚书,7,25
以赛亚书,8,22
以赛亚书,9,21
以赛亚书,10,34
以赛亚书,11,16
以赛亚书,12,6
以赛亚书,13,22
以赛亚书,14,32
以赛亚书,15,9
以赛亚书,16,14
以赛亚书,17,14
以赛亚书,18,7
以赛亚书,19,25
以赛亚书,20,6
以赛亚书,21,17
以赛亚书,22,25
以赛亚书,23,18
以赛亚书,24,23
以赛亚书,25,12
以赛亚书,26,21
以赛亚书,27,13
以赛亚书,28,29
以赛亚书,29,24
以赛亚书,30,33
以赛亚书,31,9
以赛亚书,32,20
以赛亚书,33,24
以赛亚书,34,17
以赛亚书,35,10
以赛亚书,36,22
以赛亚书,37,38
以赛亚书,38,22
以赛亚书,39,8
以赛亚书,40,31
以赛亚书,41,29
以赛亚书,42,25
以赛亚书,43,28
以赛亚书,44,28
以赛亚书,45,25
以赛亚书,46,13
以赛亚书,47,15
以赛亚书,48,22
以赛亚书,49,26
以赛亚书,50,11
以赛亚书,51,23
以赛亚书,52,15
以赛亚书,53,12
以赛亚书,54,17
以赛亚书,55,13
以赛亚书,56,12
以赛亚书,57,21
以赛亚书,58,14
以赛亚书,59,21
以赛亚书,60,22
以赛亚书,61,11
以赛亚书,62,12
以赛亚书,63,19
以赛亚书,64,12
以赛亚书,65,23
以赛亚书,66,24
耶利米书,1,19
耶利米书,2,37
耶利米书,3,25
耶利米书,4,31
耶利米书,5,31
耶利米书,6,30
耶利米书,7,34
耶利米书,8,22
耶利米书,9,26
耶利米书,10,25
耶利米书,11,23
耶利米书,12,17
耶利米书,13,27
耶利米书,14,22
耶利米书,15,21
耶利米书,16,21
耶利米书,17,27
耶利米书,18,23
耶利米书,19,15
耶利米书,20,18
耶利米书,21,14
耶利米书,22,30
耶利米书,23,40
耶利米书,24,10
耶利米书,25,38
耶利米书,26,24
耶利米书,27,22
耶利米书,28,17
耶利米书,29,32
耶利米书,30,24
耶利米书,31,40
耶利米书,32,44
耶利米书,33,26
耶利米书,34,18
耶利米书,35,19
耶利米书,36,32
耶利米书,37,21
耶利米书,38,28
耶利米书,39,18
耶利米书,40,16
耶利米书,41,18
耶利米书,42,22
耶利米书,43,11
耶利米书,44,30
耶利米书,45,5
耶利米书,46,28
耶利米书,47,7
耶利米书,48,47
耶利米书,49,39
耶利米书,50,46
耶利米书,51,64
耶利米书,52,34
耶利米哀歌,1,22
耶利米哀歌,2,22
耶利米哀歌,3,66
耶利米哀歌,4,22
耶利米哀歌,5,22
以西结书,1,28
以西结书,2,10
以西结书,3,27
以西结书,4,17
以西结书,5,17
以西结书,6,14
以西结书,7,27
以西结书,8,18
以西结书,9,11
以西结书,10,22
以西结书,11,25
以西结书,12,28
以西结书,13,23
以西结书,14,23
以西结书,15,8
以西结书,16,61
以西结书,17,24
以西结书,18,30
以西结书,19,14
以西结书,20,49
以西结书,21,32
以西结书,22,31
以西结书,23,49
以西结书,24,27
以西结书,25,17
以西结书,26,21
以西结书,27,36
以西结书,28,26
以西结书,29,21
以西结书,30,26
以西结书,31,18
以西结书,32,32
以西结书,33,33
以西结书,34,31
以西结书,35,15
以西结书,36,38
以西结书,37,28
以西结书,38,23
以西结书,39,27
以西结书,40,49
以西结书,41,26
以西结书,42,20
以西结书,43,27
以西结书,44,31
以西结书,45,25
以西结书,46,24
以西结书,47,23
以西结书,48,35
但以理书,1,21
但以理书,2,49
但以理书,3,30
但以理书,4,37
但以理书,5,31
但以理书,6,28
但以理书,7,28
但以理书,8,27
但以理书,9,27
但以理书,10,21
但以理书,11,45
但以理书,12,13
何西阿书,1,11
何西阿书,2,23
何西阿书,3,5
何西阿书,4,19
何西阿书,5,15
何西阿书,6,11
何西阿书,7,16
何西阿书,8,14
何西阿书,9,17
何西阿书,10,15
何西阿书,11,12
何西阿书,12,12
何西阿书,13,16
何西阿书,14,9
约珥书,1,20
约珥书,2,32
约珥书,3,21
阿摩司书,1,15
阿摩司书,2,16
阿摩司书,3,15
阿摩司书,4,13
阿摩司书,5,27
阿摩司书,6,14
阿摩司书,7,17
阿摩司书,8,14
阿摩司书,9,15
俄巴底亚书,1,21
约拿书,1,17
约拿书,2,10
约拿书,3,10
约拿书,4,11
弥迦书,1,16
弥迦书,2,13
弥迦书,3,12
弥迦书,4,13
弥迦书,5,15
弥迦书,6,16
弥迦书,7,20
那鸿书,1,15
那鸿书,2,13
那鸿书,3,19
哈巴谷书,1,17
哈巴谷书,2,20
哈巴谷书,3,19
西番雅书,1,18
西番雅书,2,13
西番雅书,3,20
哈该书,1,15
哈该书,2,23
撒迦利亚书,1,21
撒迦利亚书,2,13
撒迦利亚书,3,10
撒迦利亚书,4,14
撒迦利亚书,5,11
撒迦利亚书,6,15
撒迦利亚书,7,14
撒迦利亚书,8,23
撒迦利亚书,9,17
撒迦利亚书,10,12
撒迦利亚书,11,17
撒迦利亚书,12,14
撒迦利亚书,13,9
撒迦利亚书,14,21
玛拉基书,1,14
玛拉基书,2,17
玛拉基书,3,18
玛拉基书,4,6
马太福音,1,25
马太福音,2,23
马太福音,3,17
马太福音,4,25
马太福音,5,48
马太福音,6,34
马太福音,7,29
马太福音,8,34
马太福音,9,38
马太福音,10,42
马太福音,11,30
马太福音,12,50
马太福音,13,58
马太福音,14,36
马太福音,15,39
马太福音,16,28
马太福音,17,27
马太福音,18,34
马太福音,19,30
马太福音,20,34
马太福音,21,46
马太福音,22,46
马太福音,23,38
马太福音,24,51
马太福音,25,46
马太福音,26,75
马太福音,27,66
马太福音,28,20
马可福音,1,45
马可福音,2,28
马可福音,3,35
马可福音,4,41
马可福音,5,43
马可福音,6,56
马可福音,7,36
马可福音,8,38
马可福音,9,50
马可福音,10,52
马可福音,11,33
马可福音,12,44
马可福音,13,37
马可福音,14,72
马可福音,15,46
马可福音,16,20
路加福音,1,78
路加福音,2,50
路加福音,3,38
路加福音,4,44
路加福音,5,39
路加福音,6,49
路加福音,7,50
路加福音,8,56
路加福音,9,62
路加福音,10,42
路加福音,11,54
路加福音,12,59
路加福音,13,35
路加福音,14,35
路加福音,15,32
路加福音,16,31
路加福音,17,36
路加福音,18,43
路加福音,19,48
路加福音,20,47
路加福音,21,36
路加福音,22,71
路加福音,23,55
路加福音,24,53
约翰福音,1,51
约翰福音,2,25
约翰福音,3,36
约翰福音,4,54
约翰福音,5,46
约翰福音,6,71
约翰福音,7,52
约翰福音,8,59
约翰福音,9,41
约翰福音,10,42
约翰福音,11,57
约翰福音,12,50
约翰福音,13,38
约翰福音,14,31
约翰福音,15,27
约翰福音,16,33
约翰福音,17,26
约翰福音,18,40
约翰福音,19,42
约翰福音,20,31
约翰福音,21,25
使徒行传,1,24
使徒行传,2,47
使徒行传,3,26
使徒行传,4,35
使徒行传,5,42
使徒行传,6,15
使徒行传,7,60
使徒行传,8,39
使徒行传,9,43
使徒行传,10,48
使徒行传,11,30
使徒行传,12,25
使徒行传,13,52
使徒行传,14,28
使徒行传,15,40
使徒行传,16,40
使徒行传,17,34
使徒行传,18,28
使徒行传,19,41
使徒行传,20,38
使徒行传,21,40
使徒行传,22,30
使徒行传,23,35
使徒行传,24,26
使徒行传,25,27
使徒行传,26,32
使徒行传,27,44
使徒行传,28,30
罗马书,1,32
罗马书,2,29
罗马书,3,31
罗马书,4,25
罗马书,5,21
罗马书,6,23
罗马书,7,25
罗马书,8,39
罗马书,9,33
罗马书,10,21
罗马书,11,36
罗马书,12,21
罗马书,13,14
罗马书,14,23
罗马书,15,33
罗马书,16,27
哥林多前书,1,31
哥林多前书,2,16
哥林多前书,3,23
哥林多前书,4,21
哥林多前书,5,13
哥林多前书,6,20
哥林多前书,7,40
哥林多前书,8,13
哥林多前书,9,27
哥林多前书,10,33
哥林多前书,11,34
哥林多前书,12,31
哥林多前书,13,13
哥林多前书,14,40
哥林多前书,15,58
哥林多前书,16,24
哥林多后书,1,24
哥林多后书,2,17
哥林多后书,3,18
哥林多后书,4,18
哥林多后书,5,21
哥林多后书,6,18
哥林多后书,7,16
哥林多后书,8,24
哥林多后书,9,15
哥林多后书,10,18
哥林多后书,11,33
哥林多后书,12,21
哥林多后书,13,14
加拉太书,1,24
加拉太书,2,21
加拉太书,3,29
加拉太书,4,31
加拉太书,5,26
加拉太书,6,18
以弗所书,1,23
以弗所书,2,22
以弗所书,3,21
以弗所书,4,32
以弗所书,5,33
以弗所书,6,22
腓立比书,1,30
腓立比书,2,30
腓立比书,3,21
腓立比书,4,23
歌罗西书,1,29
歌罗西书,2,21
歌罗西书,3,25
歌罗西书,4,18
帖撒罗尼迦前书,1,10
帖撒罗尼迦前书,2,20
帖撒罗尼迦前书,3,13
帖撒罗尼迦前书,4,18
帖撒罗尼迦前书,5,28
帖撒罗尼迦后书,1,12
帖撒罗尼迦后书,2,17
帖撒罗尼迦后书,3,18
提摩太前书,1,20
提摩太前书,2,15
提摩太前书,3,16
提摩太前书,4,16
提摩太前书,5,25
提摩太前书,6,21
提摩太后书,1,18
提摩太后书,2,26
提摩太后书,3,17
提摩太后书,4,22
提多书,1,16
提多书,2,15
提多书,3,15
腓利门书,1,25
希伯来书,1,14
希伯来书,2,18
希伯来书,3,19
希伯来书,4,16
希伯来书,5,14
希伯来书,6,20
希伯来书,7,28
希伯来书,8,13
希伯来书,9,28
希伯来书,10,39
希伯来书,11,40
希伯来书,12,29
希伯来书,13,25
雅各书,1,27
雅各书,2,26
雅各书,3,18
雅各书,4,17
雅各书,5,20
彼得前书,1,25
彼得前书,2,25
彼得前书,3,22
彼得前书,4,19
彼得前书,5,14
彼得后书,1,21
彼得后书,2,22
彼得后书,3,18
约翰壹书,1,10
约翰壹书,2,29
约翰壹书,3,24
约翰壹书,4,21
约翰壹书,5,21
约翰贰书,1,13
约翰参书,1,15
犹大书,1,25
启示录,1,20
启示录,2,29
启示录,3,22
启示录,4,11
启示录,5,14
启示录,6,17
启示录,7,17
启示录,8,13
启示录,9,21
启示录,10,11
启示录,11,19
启示录,12,18
启示录,13,18
启示录,14,20
启示录,15,8
启示录,16,21
启示录,17,18
启示录,18,24
启示录,19,21
启示录,20,15
启示录,21,27
启示录,22,21